{
  "calibration_frame_idx": 633,
  "calibration_timestamp": 25.32,
  "created_at": "2026-05-07T23:41:39.167030+00:00",
  "depth_m": 36.0,
  "destination_points": [
    [
      0.0,
      0.0
    ],
    [
      3.5,
      0.0
    ],
    [
      3.5,
      36.0
    ],
    [
      0.0,
      36.0
    ]
  ],
  "fps": 25.0,
  "frame_count": 1501,
  "point_order": "near-left, near-right, far-right, far-left",
  "source_points": [
    [
      486.0,
      678.0
    ],
    [
      915.0,
      671.0
    ],
    [
      725.0,
      454.0
    ],
    [
      407.0,
      485.0
    ]
  ],
  "transform": [
    [
      0.05109411036267049,
      -0.020914169526691895,
      -10.651930697160747
    ],
    [
      -0.012883843737732346,
      -0.7895955662119334,
      541.6073419482299
    ],
    [
      0.0022515965932002743,
      0.004835015730275407,
      1.0
    ]
  ],
  "video_name": "video.mp4",
  "video_path": "/Users/drs/Desktop/NYU/Second Year/Urban_Computing_and_AI/AI-Computing/project/data/video.mp4",
  "width_m": 3.5
}